org_id,org_link,org_name,org_url,address_street,phone_number,po_box,city,state,zip
3,/find-your-local-foodbank/food-bank-of-alaska-inc.html,"Food Bank of Alaska, Inc.",http://www.foodbankofalaska.org,2121 Spar Avenue,907-272-3663,,Anchorage,AK,99501
3,/find-your-local-foodbank/food-bank-of-alaska-inc.html,Fairbanks Community Food Bank,http://www.fairbanksfoodbank.org,725 26th Ave.,907-457-4273,,Fairbanks,AK,99701
3,/find-your-local-foodbank/food-bank-of-alaska-inc.html,Kenai Peninsula Food Bank,http://kpfoodbank.org,33955 Community College Dr,907-262-3111,,Soldotna,AK,99669
3,/find-your-local-foodbank/food-bank-of-alaska-inc.html,Southeast Alaska Food Bank,http://www.sealaskafoodbank.org,10020 Crazy Horse Drive,907-789-6184,,Juneau,AK,99803
8,/find-your-local-foodbank/community-food-bank-of-central-alabama.html,Community Food Bank of Central Alabama,http://www.feedingal.org,107 Walter Davis Drive,205-942-8911,,Birmingham,AL,35209
146,/find-your-local-foodbank/food-bank-of-north-alabama.html,Food Bank of North Alabama,http://www.foodbanknorthal.org/,2000 B. Vernon Ave.,256-539-2256,P.O. Box 18607,Huntsville,AL,35805
54,/find-your-local-foodbank/montgomery-area-food-bank-inc.html,"Montgomery Area Food Bank, Inc.",http://www.montgomeryareafoodbank.org,521 Trade Center Street,334-263-3784,,Montgomery,AL,36108
54,/find-your-local-foodbank/montgomery-area-food-bank-inc.html,West Alabama Food Bank,http://www.westalabamafoodbank.org/,3160 McFarland Blvd,205-333-5353,,Northport,AL,35476
54,/find-your-local-foodbank/montgomery-area-food-bank-inc.html,Selma Area Food Bank,http://www.selmafoodbank.com/,497 Oak St.,334-872-4111,,Selma,AL,36701
54,/find-your-local-foodbank/montgomery-area-food-bank-inc.html,Food Bank of East Alabama,http://www.foodbankofeastalabama.com,375 Industry Drive,334-821-9006,,Auburn,AL,36832
54,/find-your-local-foodbank/montgomery-area-food-bank-inc.html,Wiregrass Area Food Bank,http://www.wiregrassfoodbank.com/,382 Twitchell Road,334-794-9775,,Dothan,AL,36303
52,/find-your-local-foodbank/feeding-the-gulf-coast.html,Feeding the Gulf Coast,http://www.feedingthegulfcoast.org,5248 Mobile South Street,251-653-1617,,Theodore,AL,36582
611,/find-your-local-foodbank/northwest-arkansas-food-bank.html,Northwest Arkansas Food Bank,http://www.NWAfoodbank.org,1378 June Self Drive,479-872-8774,,Heights,AR,72764
138,/find-your-local-foodbank/river-valley-regional-food-bank.html,River Valley Regional Food Bank,http://www.rvrfoodbank.org/,1617 South Zero Street,479-785-0582,PO Box 180070,Smith,AR,72918
151,/find-your-local-foodbank/food-bank-of-northeast-arkansas.html,Food Bank of Northeast Arkansas,http://www.foodbankofnea.org,3414 One Place,870-932-3663,P.O. Box 2097,Jonesboro,AR,72402
151,/find-your-local-foodbank/food-bank-of-northeast-arkansas.html,Food Bank of North Central Arkansas,http://www.foodbanknca.org/,1042 Highland Circle,870-499-7565,P.O. Box 2097,Home,AR,72653
43,/find-your-local-foodbank/arkansas-foodbank.html,Arkansas Foodbank,http://www.arkansasfoodbank.org/,4301 W 65th St,501-565-8121,,Rock,AR,72209
316,/find-your-local-foodbank/harvest-regional-food-bank-inc.html,"Harvest Regional Food Bank, Inc.",http://www.harvestregionalfoodbank.org,3120 East 19th Street,870-774-1398,P.O. Box 707,Texarkana,AR,71854
164,/find-your-local-foodbank/united-food-bank.html,United Food Bank,http://www.unitedfoodbank.org,245 South Nina Drive,480-926-4897,,Mesa,AZ,85210
319,/find-your-local-foodbank/st-marys-food-bank-alliance.html,St. Mary's Food Bank Alliance,http://www.firstfoodbank.org,2831 N. 31st Avenue,602-242-3663,,Phoenix,AZ,85009
91,/find-your-local-foodbank/community-food-bank-of-southern-arizona.html,Community Food Bank of Southern Arizona,http://www.communityfoodbank.org,3003 South Country Club Road,520-622-0525,,Tucson,AZ,85713
603,/find-your-local-foodbank/yuma-community-food-bank.html,Yuma Community Food Bank,http://www.yumafoodbank.org,2404 E 24th St. Ste. A,928-343-1243,,Yuma,AZ,85365
22,/find-your-local-foodbank/food-bank-of-contra-costa-and-solano.html,Food Bank of Contra Costa and Solano,http://www.foodbankccs.org,4010 Nelson Ave,925-676-7543,,Concord,CA,94520
22,/find-your-local-foodbank/food-bank-of-contra-costa-and-solano.html,Community Action of Napa Valley Food Bank,http://www.canv.org,1766 Industrial Way,707-253-6128,,Napa,CA,94558
22,/find-your-local-foodbank/food-bank-of-contra-costa-and-solano.html,Dignity Health Connected,,200 Mercy Oaks Drive,530-226-3071,,Redding,CA,96003
22,/find-your-local-foodbank/food-bank-of-contra-costa-and-solano.html,Yuba/Sutter Gleaners Food Bank,http://www.yuba-sutterfoodbank.com/,760 Stafford Way,530-673-3834,,City,CA,95991
22,/find-your-local-foodbank/food-bank-of-contra-costa-and-solano.html,Yolo Food Bank,http://www.yolofoodbank.org,233 Harter Avenue,530-668-0609,,Woodland,CA,95776
22,/find-your-local-foodbank/food-bank-of-contra-costa-and-solano.html,Sacramento Food Bank &amp; Family Services,http://www.sacramentofoodbank.org/,3333 Third Ave.,916-456-1980,,Sacramento,CA,95817
281,/find-your-local-foodbank/central-california-food-bank.html,Central California Food Bank,http://ccfoodbank.org/,4010 E. Hardy Ave,559-237-2527,,Fresno,CA,93725
281,/find-your-local-foodbank/central-california-food-bank.html,Community Action Partnership of Kern Food Bank,http://www.capk.org,5005 Business Park North,661-398-4520,,Bakersfield,CA,93309
113,/find-your-local-foodbank/find-food-bank.html,FIND Food Bank,http://www.FINDfoodbank.org,83-775 Citrus Ave,760-775-3663,P.O. Box 10080,Indio,CA,92202
64,/find-your-local-foodbank/second-harvest-food-bank-of-orange-county.html,Second Harvest Food Bank of Orange County,http://www.FeedOC.org,8014 Marine Way,949-653-2900,,Irvine,CA,92618
45,/find-your-local-foodbank/los-angeles-regional-food-bank.html,Los Angeles Regional Food Bank,http://www.lafoodbank.org,1734 E. 41st Street,323-234-3030,,Angeles,CA,90058
199,/find-your-local-foodbank/second-harvest-food-bank-of-san-joaquin-and-stanislaus-counties.html,Second Harvest Food Bank of San Joaquin and Stanislaus Counties,http://www.localfoodbank.org,1220 Vanderbilt Cir,209-239-2091,,Manteca,CA,95337
199,/find-your-local-foodbank/second-harvest-food-bank-of-san-joaquin-and-stanislaus-counties.html,Amador Tuolumne Community Action Agency (ATCAS),http://www.atcaa.org,10059 Victoria Way,209-984-3960,,Jamestown,CA,95642
199,/find-your-local-foodbank/second-harvest-food-bank-of-san-joaquin-and-stanislaus-counties.html,Merced County Food Bank,http://www.mercedcountyfoodbank.org,2000 W Olive Ave,209-726-3663,,Merced,CA,95348
199,/find-your-local-foodbank/second-harvest-food-bank-of-san-joaquin-and-stanislaus-counties.html,The Resource Connection Food Bank,http://www.trcac.org,"206 George Reed Drive, PO Box 1656",209-754-3114,,Andreas,CA,95249
169,/find-your-local-foodbank/alameda-county-community-food-bank.html,Alameda County Community Food Bank,http://www.accfb.org,7900 Edgewater Drive,510-635-3663,P.O. Box 2599,Oakland,CA,94621
66,/find-your-local-foodbank/food-share-of-ventura-county.html,Food Share of Ventura County,http://www.foodshare.com,4156 Southbank Road,805-983-7100,,Oxnard,CA,93036
73,/find-your-local-foodbank/feeding-america-riverside-san-bernardino-counties.html,Feeding America Riverside San Bernardino Counties,http://feedingie.org/,2950 - A Jefferson Street,951-359-4757,,Riverside,CA,92504
178,/find-your-local-foodbank/placer-food-bank.html,Placer Food Bank,http://www.placerfoodbank.org,8284 Industrial Ave,916-783-0481,,Roseville,CA,95678
225,/find-your-local-foodbank/food-bank-for-monterey-county.html,Food Bank for Monterey County,http://www.foodbankformontereycounty.org,"815 W. Market Street, Suite 5",831-758-1523,,Salinas,CA,93901
77,/find-your-local-foodbank/feeding-san-diego.html,Feeding San Diego,http://www.feedingsandiego.org,"9455 Waples Street, Suite 135",858-452-3663,,Diego,CA,92121
77,/find-your-local-foodbank/feeding-san-diego.html,Imperial Valley Food Bank,http://ivfoodbank.org,486 W. Aten Rd,760-370-0966,,Imperial,CA,92251
78,/find-your-local-foodbank/sf-marin-food-banks.html,SF-Marin Food Banks,http://www.sfmfoodbank.org,900 Pennsylvania Avenue,415-282-1900,,Francisco,CA,94107
79,/find-your-local-foodbank/second-harvest-of-silicon-valley.html,Second Harvest of Silicon Valley,http://www.SHFB.org,750 Curtner Avenue,408-266-8866,,Jose,CA,95125
184,/find-your-local-foodbank/foodbank-of-santa-barbara-county.html,Foodbank of Santa Barbara County,http://www.foodbanksbc.org,4554 Hollister Avenue,805-967-5741,,Barbara,CA,93110
184,/find-your-local-foodbank/foodbank-of-santa-barbara-county.html,Food Bank Coalition of San Luis Obispo County,http://www.slofoodbank.org,1180 Kendall Road,805-238-4664,,Obispo,CA,93447
185,/find-your-local-foodbank/redwood-empire-food-bank.html,Redwood Empire Food Bank,http://www.refb.org,3990 Brickway Blvd,707-523-7900,,Rosa,CA,95403
185,/find-your-local-foodbank/redwood-empire-food-bank.html,Mendocino Food &amp; Nutrition Program,http://www.fortbraggfoodbank.org/,910 N Franklin Street,707-964-9404,,Bragg,CA,95437
185,/find-your-local-foodbank/redwood-empire-food-bank.html,Food For People,http://www.foodforpeople.org/,307 West 14th Street,707-445-3166,,Eureka,CA,95501
96,/find-your-local-foodbank/second-harvest-food-bank-santa-cruz-county.html,Second Harvest Food Bank Santa Cruz County,http://www.thefoodbank.org,800 Ohlone Parkway,831-722-7110,,Watsonville,CA,95076
96,/find-your-local-foodbank/second-harvest-food-bank-santa-cruz-county.html,Community Food Bank of San Benito County,http://communityfoodbankofsbc.org/,1133 San Felipe Road,831-637-0340,,Hollister,CA,95023
19,/find-your-local-foodbank/care-and-share-food-bank.html,Care and Share Food Bank,http://www.careandshare.org,2605 Preamble Point,719-528-1247,,Springs,CO,80915
25,/find-your-local-foodbank/food-bank-of-the-rockies.html,Food Bank of the Rockies,http://www.foodbankrockies.org,10700 E. 45th Ave,303-371-9250,,Denver,CO,80239
141,/find-your-local-foodbank/weld-food-bank.html,Weld Food Bank,http://www.weldfoodbank.org,1108 H Street,970-356-2199,,Greeley,CO,80631
110,/find-your-local-foodbank/community-food-share.html,Community Food Share,http://communityfoodshare.org/,650 S. Taylor Ave.,303-652-3663,,Louisville,CO,80027
137,/find-your-local-foodbank/food-bank-for-larimer-county.html,Food Bank for Larimer County,http://www.foodbanklarimer.org,5706 Wright Drive,970-493-4477,,Loveland,CO,80538
144,/find-your-local-foodbank/foodshare.html,Foodshare,http://www.foodshare.org,450 Woodland Avenue,860-286-9999,,Bloomfield,CT,06002
56,/find-your-local-foodbank/connecticut-food-bank.html,Connecticut Food Bank,http://www.ctfoodbank.org,2 Research Parkway,203-469-5000,,Wallingford,CT,06492
56,/find-your-local-foodbank/connecticut-food-bank.html,Gemma E. Moran United Way/ Labor Food Center,http://www.uwsect.org/,PO Box 375,860-444-8050,,Ferry,CT,06335
95,/find-your-local-foodbank/capital-area-food-bank.html,Capital Area Food Bank,http://www.capitalareafoodbank.org,4900 Puerto Rico Ave NE,202-526-5344,,Washington,DC,20017
59,/find-your-local-foodbank/food-bank-of-delaware.html,Food Bank of Delaware,http://www.fbd.org,222 Lake Drive,302-292-1305,,Newark,DE,19702
280,/find-your-local-foodbank/harry-chapin-food-bank-of-southwest-florida.html,Harry Chapin Food Bank of Southwest Florida,http://www.harrychapinfoodbank.org,3760 Fowler St.,239-334-7007,,Myers,FL,33901
563,/find-your-local-foodbank/treasure-coast-food-bank.html,Treasure Coast Food Bank,http://www.stophunger.org,401 Angle Rd.,772-489-3034,,Pierce,FL,34947
370,/find-your-local-foodbank/feeding-northeast-florida.html,Feeding Northeast Florida,http://www.FeedingNEFL.org,"1116 Edgewood Avenue North, Units D and E",904-513-1333,,Jacksonville,FL,32254
65,/find-your-local-foodbank/second-harvest-food-bank-of-central-florida.html,Second Harvest Food Bank of Central Florida,http://www.feedhopenow.org,411 Mercy Drive,407-295-1066,,Orlando,FL,32805
65,/find-your-local-foodbank/second-harvest-food-bank-of-central-florida.html,"Bread of the Mighty Food Bank
",http://www.breadofthemighty.org,325 NW 10 AVE,352-336-0839,,Gainesville,FL,32601
65,/find-your-local-foodbank/second-harvest-food-bank-of-central-florida.html,"First Step Food Bank, Inc",http://www.firststepfoodbank.org/,"4045 NE 36th Ave, PO Box 4774",312-732-5500,,Ocala,FL,34478
50,/find-your-local-foodbank/feeding-south-florida.html,Feeding South Florida,http://www.feedingsouthflorida.org,2501 SW 32 Terrace,954-518-1818,,Park,FL,33023
284,/find-your-local-foodbank/all-faiths-food-bank.html,All Faiths Food Bank,http://www.allfaithsfoodbank.org,8171 Blaikie Ct.,941-379-6333,,Sarasota,FL,34240
195,/find-your-local-foodbank/second-harvest-of-the-big-bend-inc.html,"Second Harvest of the Big Bend, Inc.",http://www.fightinghunger.org,4446 Entrepot Blvd,850-562-3033,,Tallahassee,FL,32310
90,/find-your-local-foodbank/feeding-tampa-bay.html,Feeding Tampa Bay,http://feedingtampabay.org,"4702 Transport Dr., Bldg. 6",813-254-1190,,Tampa,FL,33605
324,/find-your-local-foodbank/food-bank-of-northeast-georgia.html,Food Bank of Northeast Georgia,http://www.foodbanknega.org,861 Newton Bridge Road,706-354-8191,P.O. Box 48857,Athens,GA,30604
4,/find-your-local-foodbank/atlanta-community-food-bank.html,Atlanta Community Food Bank,http://www.acfb.org,3400 N Desert Dr,404-892-9822,,Atlanta,GA,30344
4,/find-your-local-foodbank/atlanta-community-food-bank.html,Georgia Mountain Food Bank,https://www.gamountainfoodbank.org/,"1642 Calvary Industrial Drive, SW",770-534-4111,,Gainesville,GA,30507
5,/find-your-local-foodbank/golden-harvest-food-bank.html,Golden Harvest Food Bank,http://www.goldenharvest.org,3310 Commerce Drive,706-736-1199,,Augusta,GA,30909
159,/find-your-local-foodbank/middle-georgia-community-food-bank.html,Middle Georgia Community Food Bank,http://www.mgcfb.org,4490 Ocmulgee East Boulevard,478-742-3958,PO Box 5024,Macon,GA,31217
117,/find-your-local-foodbank/feeding-the-valley-food-bank.html,Feeding the Valley Food Bank,http://www.feedingthevalley.org,6744 Flat Rock Road,706-561-4755,,Midland,GA,31820
80,/find-your-local-foodbank/americas-second-harvest-of-coastal-georgia-inc.html,"America's Second Harvest of Coastal Georgia, Inc.",http://www.helpendhunger.org,2501 East President Street,912-236-6750,,Savannah,GA,31404
291,/find-your-local-foodbank/second-harvest-of-south-georgia-inc.html,"Second Harvest of South Georgia, Inc",http://www.feedingsga.org,1411 Harbin Circle,229-244-2678,,Valdosta,GA,31601
36,/find-your-local-foodbank/hawaii-foodbank-inc.html,"Hawaii Foodbank, Inc.",http://www.hawaiifoodbank.org,2611 Kilihau St,808-836-3600,,Honolulu,HI,96819
36,/find-your-local-foodbank/hawaii-foodbank-inc.html,Maui Food Bank                                ,http://www.mauifoodbank.org,760 Kolu Street               ,808-243-9500,,,HI,96793
36,/find-your-local-foodbank/hawaii-foodbank-inc.html,"The Food Basket, Inc.",http://www.hawaiifoodbasket.org/,40 Holomua St,808-933-6030,,Hilo,HI,96720
53,/find-your-local-foodbank/river-bend-foodbank.html,River Bend Foodbank,http://www.riverbendfoodbank.org/,4010 Kimmel Drive,563-345-6490,,Davenport,IA,52802
26,/find-your-local-foodbank/food-bank-of-iowa.html,Food Bank of Iowa,http://www.foodbankiowa.org,2220 E. 17th Street,515-564-0330,P.O. Box 1517,Moines,IA,50316
114,/find-your-local-foodbank/hacap-food-reservoir.html,HACAP Food Reservoir,http://www.hacap.org,1515 Hawkeye Drive,319-393-7811,PO Box 490,Hiawatha,IA,52233
206,/find-your-local-foodbank/northeast-iowa-food-bank.html,Northeast Iowa Food Bank,http://www.northeastiowafoodbank.org,1605 Lafayette Steet,319-235-0507,PO Box 2397,Waterloo,IA,50703
109,/find-your-local-foodbank/the-idaho-foodbank.html,The Idaho Foodbank,http://www.idahofoodbank.org,3562 South TK Avenue,208-336-9643,,Boise,ID,83705
16,/find-your-local-foodbank/greater-chicago-food-depository.html,Greater Chicago Food Depository,http://www.chicagosfoodbank.org,4100 West Ann Lurie Place,773-247-3663,,Chicago,IL,60632
112,/find-your-local-foodbank/northern-illinois-food-bank.html,Northern Illinois Food Bank,http://www.SolveHungerToday.org,273 Dearborn Court,630-443-6916,,Geneva,IL,60134
84,/find-your-local-foodbank/central-illinois-foodbank.html,Central Illinois Foodbank,http://www.centralilfoodbank.org,1937 E. Cook,217-522-4022,,Springfield,IL,62703
201,/find-your-local-foodbank/eastern-illinois-foodbank.html,Eastern Illinois Foodbank,http://www.eifoodbank.org,2405 North Shore Drive,217-328-3663,,Urbana,IL,61802
201,/find-your-local-foodbank/eastern-illinois-foodbank.html,Peoria Area Food Bank,http://www.peoriafoodbank.org,721 W McBean,309-671-3906,,Peoria,IL,61605
303,/find-your-local-foodbank/hoosier-hills-food-bank.html,Hoosier Hills Food Bank,http://www.hhfoodbank.org,2333 West Industrial Park Drive,812-334-8374,PO Box 697,Bloomington,IN,47404
126,/find-your-local-foodbank/tri-state-food-bank-inc.html,"Tri-State Food Bank, Inc.",http://www.tristatefoodbank.org,801 E. Michigan Street,812-425-0775,,Evansville,IN,47711
135,/find-your-local-foodbank/community-harvest-food-bank-of-northeast-indiana-inc.html,"Community Harvest Food Bank of Northeast Indiana, Inc.",http://www.chfb.org,999 East Tillman Road,260-447-3696,P. O. Box 10967,Wayne,IN,46855
38,/find-your-local-foodbank/gleaners-food-bank-of-indiana-inc.html,"Gleaners Food Bank of Indiana, Inc.",http://www.gleaners.org,3737 Waldemere Ave.,317-925-0191,,Indianapolis,IN,46241
369,/find-your-local-foodbank/food-finders-food-bank-inc.html,Food Finders Food Bank Inc.,http://www.food-finders.org,1204 Greenbush Street,765-471-0062,,Lafayette,IN,47904
139,/find-your-local-foodbank/food-bank-of-northwest-indiana-inc.html,"Food Bank of Northwest Indiana, Inc.",http://www.foodbanknwi.org/,6490 Broadway,219-980-1777,,Merrillville,IN,46410
102,/find-your-local-foodbank/second-harvest-food-bank-of-east-central-indiana-inc.html,"Second Harvest Food Bank of East Central Indiana, Inc.",http://www.curehunger.org,6621 N. Old SR 3,765-287-8698,,Muncie,IN,47303
278,/find-your-local-foodbank/food-bank-of-northern-indiana.html,Food Bank of Northern Indiana,http://www.feedindiana.org,702 South Chapin Street,574-232-9986,,Bend,IN,46601
196,/find-your-local-foodbank/terre-haute-catholic-charities-foodbank.html,Terre Haute Catholic Charities Foodbank,http://www.archindy.org/cc/terrehaute/programs-foodbank.html,430 N 14th 1/2 St,812-235-3424,,Haute,IN,47807
208,/find-your-local-foodbank/kansas-food-bank.html,Kansas Food Bank,http://www.kansasfoodbank.org,1919 E. Douglas,316-265-3663,,Wichita,KS,67211
124,/find-your-local-foodbank/feeding-america-kentuckys-heartland.html,"Feeding America, Kentucky’s Heartland",http://www.feedingamericaky.org,"313 Peterson Dr.,",270-769-6997,PO Box 821,Elizabethtown,KY,42701
124,/find-your-local-foodbank/feeding-america-kentuckys-heartland.html,Purchase Area Development District Food Bank,http://www.purchaseadd.org,"1002 Medical Drive, P.O. Box 588",270-247-7171,PO Box 821,Mayfield,KY,42066
156,/find-your-local-foodbank/gods-pantry-food-bank-inc.html,"God's Pantry Food Bank, Inc.",http://www.godspantry.org,1685 Jaggie Fox Way,859-255-6592,,Lexington,KY,40511
46,/find-your-local-foodbank/dare-to-care-food-bank.html,Dare to Care Food Bank,http://www.daretocare.org,5803 Fern Valley Road,502-966-3821,PO Box 35458,Louisville,KY,40232
276,/find-your-local-foodbank/food-bank-of-central-louisiana.html,Food Bank of Central Louisiana,http://www.fbcenla.org,3223 Baldwin Avenue,318-445-2773,,Alexandria,LA,71301
298,/find-your-local-foodbank/greater-baton-rouge-food-bank.html,Greater Baton Rouge Food Bank,http://www.brfoodbank.org,10600 S. Choctaw Drive,225-359-9940,Post Office Box 45830,Rouge,LA,70815
339,/find-your-local-foodbank/food-bank-of-northeast-louisiana.html,Food Bank of Northeast Louisiana,http://www.foodbanknela.org/,4600 Central Ave,318-322-3567,PO Box 5048,Monroe,LA,71211
57,/find-your-local-foodbank/second-harvest-food-bank-of-greater-new-orleans-and-acadiana.html,Second Harvest Food Bank of Greater New Orleans and Acadiana,http://www.no-hunger.org,700 Edwards Avenue,504-734-1322,,Orleans,LA,70123
326,/find-your-local-foodbank/food-bank-of-northwest-louisiana.html,Food Bank of Northwest Louisiana,http://www.foodbanknla.org/,2307 Texas Avenue,318-675-2400,,Shreveport,LA,71103
9,/find-your-local-foodbank/the-greater-boston-food-bank.html,The Greater Boston Food Bank,http://www.gbfb.org,70 South Bay Ave,617-427-5200,,Boston,MA,02118
35,/find-your-local-foodbank/the-food-bank-of-western-massachusetts.html,The Food Bank of Western Massachusetts,http://www.foodbankwma.org,97 North Hatfield Road,413-247-9738,PO Box 160,Hatfield,MA,01038
186,/find-your-local-foodbank/worcester-county-food-bank-inc.html,"Worcester County Food Bank, Inc.",http://www.foodbank.org,474 Boston Turnpike,508-842-3663,,Shrewsbury,MA,01545
7,/find-your-local-foodbank/maryland-food-bank.html,Maryland Food Bank,http://www.mdfoodbank.org,2200 Halethorpe Farms Road,410-737-8282,,Baltimore,MD,21227
259,/find-your-local-foodbank/good-shepherd-food-bank.html,Good Shepherd Food Bank,http://www.gsfb.org,3121 Hotel Road,207-782-3554,PO Box 1807,Auburn,ME,04211
305,/find-your-local-foodbank/food-gatherers.html,Food Gatherers,http://www.foodgatherers.org,1 Carrot Way,734-761-2796,P.O. Box 131037,Arbor,MI,48105
105,/find-your-local-foodbank/south-michigan-food-bank.html,South Michigan Food Bank,http://smfoodbank.org/,5451 Wayne Road,269-964-3663,P.O. Box 408,Creek,MI,49016
34,/find-your-local-foodbank/feeding-america-west-michigan-food-bank.html,Feeding America West Michigan Food Bank,http://www.FeedWM.org,864 West River Center Drive,616-784-3250,,Park,MI,49321
34,/find-your-local-foodbank/feeding-america-west-michigan-food-bank.html,The Manna Food Project,http://mannafoodproject.org/,291 McBride Park Court,231-347-8852,,Springs,MI,49740
34,/find-your-local-foodbank/feeding-america-west-michigan-food-bank.html,Western Upper Peninsula Food Bank - BHKCAA,http://www.bhkcaa.org,962 Dodge Street,906-482-5548,,Houghton,MI,49931
27,/find-your-local-foodbank/gleaners-community-food-bank-of-southeastern-michigan.html,Gleaners Community Food Bank of Southeastern Michigan,http://www.gcfb.org,2131 Beaufait Street,313-923-3535,,Detroit,MI,48207
27,/find-your-local-foodbank/gleaners-community-food-bank-of-southeastern-michigan.html,"Monroe County Opportunity Program (MCOP)
",http://www.monroecountyop.org,1140 S. Telegraph Rd,734-241-2775,,Monroe,MI,48161
27,/find-your-local-foodbank/gleaners-community-food-bank-of-southeastern-michigan.html,Macomb Food Program,https://mca.macombgov.org/MCA-ES-Food,"21885 Dunham Road, Suite 10",586-469-6004,,Township,MI,48036
30,/find-your-local-foodbank/food-bank-of-eastern-michigan.html,Food Bank of Eastern Michigan,http://www.fbem.org,2300 Lapeer Road,810-239-4441,,Flint,MI,48503
154,/find-your-local-foodbank/greater-lansing-food-bank.html,Greater Lansing Food Bank,http://www.greaterlansingfoodbank.org,919 Filley St.,517-853-7800,,Lansing,MI,48906
306,/find-your-local-foodbank/forgotten-harvest.html,Forgotten Harvest,http://www.forgottenharvest.org,21800 Greenfield Road,248-967-1500,,Park,MI,48237
218,/find-your-local-foodbank/second-harvest-northern-lakes-food-bank.html,Second Harvest Northern Lakes Food Bank,http://www.northernlakesfoodbank.org,4503 Airpark Boulevard,218-727-5653,,Duluth,MN,55811
119,/find-your-local-foodbank/north-country-food-bank-inc.html,"North Country Food Bank, Inc.",http://northcountryfoodbank.org,1011 11th Ave. NE,218-399-7356,,Forks,MN,56721
140,/find-your-local-foodbank/second-harvest-north-central-food-bank.html,Second Harvest North Central Food Bank,http://www.secondharvestncfb.com,2222 Cromell Drive,218-326-4420,PO Box 5130,Rapids,MN,55744
177,/find-your-local-foodbank/channel-one-food-bank.html,Channel One Food Bank,http://www.helpingfeedpeople.org,"131 35th Street, SE",507-424-1700,,Rochester,MN,55904
86,/find-your-local-foodbank/second-harvest-heartland.html,Second Harvest Heartland,http://www.2harvest.org,1140 Gervais Avenue,651-484-5117,,Paul,MN,55109
86,/find-your-local-foodbank/second-harvest-heartland.html,Feed My People Food Bank,http://www.fmpfoodbank.org,2610 Alpine Road,715-835-9415,,Claire,WI,54703
85,/find-your-local-foodbank/st-louis-area-foodbank.html,St. Louis Area Foodbank,http://stlfoodbank.org/,70 Corporate Woods Drive,314-292-6262,,Bridgeton,MO,63044
116,/find-your-local-foodbank/the-food-bank-for-central-and-northeast-missouri.html,The Food Bank for Central & Northeast Missouri,http://www.sharefoodbringhope.org,"2101 Vandiver Drive, Suite B",573-474-1020,,Columbia,MO,65202
40,/find-your-local-foodbank/harvesters-the-community-food-network.html,Harvesters - The Community Food Network,http://www.harvesters.org,3801 Topping Avenue,816-929-3000,,City,MO,64129
187,/find-your-local-foodbank/southeast-missouri-food-bank.html,Southeast Missouri Food Bank,http://www.semofoodbank.org,600 State Highway H,855-703-3663,PO Box 190,Sikeston,MO,63801
192,/find-your-local-foodbank/ozarks-food-harvest.html,Ozarks Food Harvest,http://www.ozarksfoodharvest.org,2810 N. Cedarbrook Ave,417-865-3411,,Springfield,MO,65803
193,/find-your-local-foodbank/second-harvest-community-food-bank.html,Second Harvest Community Food Bank,http://www.shcfb.org,915 Douglas,816-364-3663,,Joseph,MO,64505
149,/find-your-local-foodbank/mississippi-food-network.html,Mississippi Food Network,http://www.msfoodnet.org,440 W. Beatty Street,601-973-7080,PO Box 411,Jackson,MS,39205
320,/find-your-local-foodbank/montana-food-bank-network.html,Montana Food Bank Network,http://www.mfbn.org,5625 Expressway,406-721-3825,,Missoula,MT,59808
103,/find-your-local-foodbank/manna-foodbank.html,MANNA FoodBank,http://www.mannafoodbank.org,627 Swannanoa River Rd,828-299-3663,,Asheville,NC,28805
14,/find-your-local-foodbank/second-harvest-food-bank-of-metrolina.html,Second Harvest Food Bank of Metrolina,http://www.secondharvestmetrolina.org/,500 B Spratt St.,704-376-1785,,Charlotte,NC,28206
123,/find-your-local-foodbank/food-bank-of-the-albemarle.html,Food Bank of the Albemarle,http://www.afoodbank.org,109 Tidewater Way,252-335-4035,P. O. Box 1704,City,NC,27906
134,/find-your-local-foodbank/second-harvest-food-bank-of-southeast-north-carolina.html,Second Harvest Food Bank of Southeast North Carolina,http://hungercantwait.org,"406 Deep Creek Road, PO Box 2009",910-485-8809,,Fayetteville,NC,28302
70,/find-your-local-foodbank/food-bank-of-central-and-eastern-north-carolina.html,Food Bank of Central & Eastern North Carolina,http://www.foodbankcenc.org,1924 Capital Boulevard,919-875-0707,,Raleigh,NC,27604
309,/find-your-local-foodbank/inter-faith-food-shuttle.html,Inter-Faith Food Shuttle,http://www.foodshuttle.org,1001 Blair Drive,919-250-0043,,Raleigh,NC,27620
97,/find-your-local-foodbank/second-harvest-food-bank-of-northwest-north-carolina.html,Second Harvest Food Bank of Northwest North Carolina,http://www.secondharvestnwnc.org/,3655 Reed Street,336-784-5770,,Salem,NC,27107
220,/find-your-local-foodbank/great-plains-food-bank.html,Great Plains Food Bank,http://www.greatplainsfoodbank.org/,1720 3rd Avenue North,701-232-6219,,Fargo,ND,58102
157,/find-your-local-foodbank/food-bank-of-lincoln-inc.html,"Food Bank of Lincoln, Inc.",http://www.lincolnfoodbank.org,"4840 Doris Bair Circle, Suite A",402-466-8170,,Lincoln,NE,68504
63,/find-your-local-foodbank/food-bank-for-the-heartland.html,Food Bank for the Heartland,http://www.foodbankheartland.org,10525  J Street,402-905-4802,,Omaha,NE,68127
63,/find-your-local-foodbank/food-bank-for-the-heartland.html,"The Food Bank of Siouxland, Inc.",http://www.siouxlandfoodbank.org,1313  11th Street,712-255-9741,,City,IA,51105
161,/find-your-local-foodbank/new-hampshire-food-bank.html,New Hampshire Food Bank,http://www.nhfoodbank.org,700 East Industrial Park Drive,603-669-9725,,Manchester,NH,03109
58,/find-your-local-foodbank/community-foodbank-of-new-jersey.html,Community FoodBank of New Jersey,http://www.cfbnj.org,31 Evans Terminal,908-355-3663,,Hillside,NJ,07205
58,/find-your-local-foodbank/community-foodbank-of-new-jersey.html,Mercer Street Friends Food Bank,http://www.mercerstreetfriends.org,824 Silvia Street,609-406-0503,,Ewing,NJ,08628
58,/find-your-local-foodbank/community-foodbank-of-new-jersey.html,NORWESCAP Food Bank,http://www.norwescap.org,201 N. Broad Street,908-454-4322,,Phillipsburg,NJ,08865
310,/find-your-local-foodbank/fulfill-the-foodbank-of-monmouth-and-ocean-counties-inc.html,"FULFILL - (The FoodBank of Monmouth and Ocean Counties, Inc.)",http://www.fulfillnj.org,3300 Route 66,732-918-2600,,Neptune,NJ,07753
12,/find-your-local-foodbank/food-bank-of-south-jersey.html,Food Bank of South Jersey,http://www.foodbanksj.org,1501 John Tipton Boulevard,856-662-4884,,Pennsauken,NJ,08110
1,/find-your-local-foodbank/roadrunner-food-bank.html,Roadrunner Food Bank,http://www.rrfb.org,5840 Office Blvd NE,505-247-2052,,Albuquerque,NM,87109
1,/find-your-local-foodbank/roadrunner-food-bank.html,The Community Pantry,http://thecommunitypantry.org/,1130 E. Hasler Valley Road,505-726-8068,,Gallup,NM,87305
1,/find-your-local-foodbank/roadrunner-food-bank.html,The Food Depot,http://www.thefooddepot.org,1222 A Siler Rd.,505-471-1633,,Fe,NM,87507
1,/find-your-local-foodbank/roadrunner-food-bank.html,Food Bank of Eastern New Mexico,http://www.fbenm.org,2217 East Brady St.,575-763-6130,,Clovis,NM,88101
1,/find-your-local-foodbank/roadrunner-food-bank.html,ECHO Inc.,http://www.echoinc.org,401 S. Commercial,505-325-8222,,Farmington,NM,87401
155,/find-your-local-foodbank/three-square-food-bank.html,Three Square Food Bank,http://www.threesquare.org,4190 N. Pecos Rd.,702-644-3663,,Vegas,NV,89115
82,/find-your-local-foodbank/food-bank-of-northern-nevada.html,Food Bank of Northern Nevada,http://fbnn.org/,550 Italy Dr,775-331-3663,,Sparks,NV,89437
311,/find-your-local-foodbank/island-harvest.html,Island Harvest,http://www.islandharvest.org,15 Grumman Road West Suite 1450,516-294-8528,,Bethpage,NY,11714
11,/find-your-local-foodbank/feedmore-wny.html,FeedMore WNY,http://www.feedmorewny.org/,91 Holt Street,716-852-1305,,Buffalo,NY,14206
28,/find-your-local-foodbank/food-bank-of-the-southern-tier.html,Food Bank of the Southern Tier,http://www.foodbankst.org,388 Upper Oakwood Avenue,607-796-6061,,Elmira,NY,14903
222,/find-your-local-foodbank/feeding-westchester.html,Feeding Westchester,http://feedingwestchester.org/,200 Clearbrook Road,914-923-1100,,Elmsford,NY,10523
207,/find-your-local-foodbank/long-island-cares-inc.html,"Long Island Cares, Inc.",http://www.licares.org,10 Davids Drive,631-582-3663,,Hauppauge,NY,11788
42,/find-your-local-foodbank/regional-food-bank-of-northeastern-new-york.html,Regional Food Bank of Northeastern New York,http://www.regionalfoodbank.net,965 Albany Shaker Rd.,518-786-3691,,Latham,NY,12110
10,/find-your-local-foodbank/food-bank-for-new-york-city.html,Food Bank For New York City,http://www.foodbanknyc.org,355 Food Center Dr.,718-991-4300,,York,NY,10474
297,/find-your-local-foodbank/city-harvest.html,City Harvest,http://www.cityharvest.org,"6 East 32nd Street, 5th Fl.",646-412-0600,,York,NY,10016
75,/find-your-local-foodbank/foodlink-inc.html,"Foodlink, Inc.",http://www.foodlinkny.org,1999 Mt. Read Boulevard,585-328-3380,,Rochester,NY,14615
89,/find-your-local-foodbank/food-bank-of-central-new-york.html,Food Bank of Central New York,http://www.foodbankcny.org,7066 Interstate Island Road,315-437-1899,,Syracuse,NY,13209
100,/find-your-local-foodbank/akron-canton-regional-foodbank.html,Akron-Canton Regional Foodbank,http://www.akroncantonfoodbank.org,350 Opportunity Parkway,330-535-6900,,Akron,OH,44307
17,/find-your-local-foodbank/freestore-foodbank.html,Freestore Foodbank,http://www.freestorefoodbank.org,1141 Central Parkway,513-482-4500,,Cincinnati,OH,45202
18,/find-your-local-foodbank/greater-cleveland-food-bank-inc.html,"Greater Cleveland Food Bank, Inc.",http://www.GreaterClevelandFoodBank.org,15500 South Waterloo Road,216-738-2265,,Cleveland,OH,44110
18,/find-your-local-foodbank/greater-cleveland-food-bank-inc.html,"Country Neighbor Program, Inc.",http://www.countryneighbor.org/,P.O. Box 212,440-437-6311,,Orwell,OH,44076
121,/find-your-local-foodbank/the-foodbank-inc.html,"The Foodbank, Inc.",http://www.thefoodbankdayton.org,56 Armor Place,937-461-0265,,Dayton,OH,45417
129,/find-your-local-foodbank/shared-harvest-foodbank.html,Shared Harvest Foodbank,http://www.sharedharvest.org,5901 Dixie Highway,513-874-0114,,Fairfield,OH,45014
21,/find-your-local-foodbank/mid-ohio-foodbank.html,Mid-Ohio Foodbank,http://www.midohiofoodbank.org,3960 Brookham Dr.,614-274-7770,,City,OH,43123
21,/find-your-local-foodbank/mid-ohio-foodbank.html,Food Pantry Network of Licking County,http://www.foodpantrynetwork.net/,1035 Brice Street,740-344-7401,,Newark,OH,43055
285,/find-your-local-foodbank/west-ohio-food-bank.html,West Ohio Food Bank,http://www.westohiofoodbank.org/,1380 East Kibby Street,419-222-7946,P.O. Box 1566,Lima,OH,45804
167,/find-your-local-foodbank/se-ohio-foodbank.html,SE Ohio Foodbank,http://hapcap.org/foodbank,1005 CIC Drive,740-385-6813,,Logan,OH,43138
202,/find-your-local-foodbank/second-harvest-food-bank-of-north-central-ohio.html,Second Harvest Food Bank of North Central Ohio,http://www.secondharvestfoodbank.org,5510 Baumhart Rd,440-960-2265,,Lorain,OH,44053
191,/find-your-local-foodbank/second-harvest-foodbank-of-clark-champaign-and-logan-counties.html,"Second Harvest Foodbank of Clark, Champaign, & Logan Counties",http://www.feedccl.org/,701 East Columbia Street,937-325-8715,,Springfield,OH,45503
197,/find-your-local-foodbank/toledo-northwestern-ohio-food-bank.html,Toledo Northwestern Ohio Food Bank,http://www.toledofoodbank.org,24 East Woodruff Avenue,419-242-5000,,Toledo,OH,43604
214,/find-your-local-foodbank/second-harvest-food-bank-of-the-mahoning-valley.html,Second Harvest Food Bank of the Mahoning Valley,http://www.mahoningvalleysecondharvest.org,2805 Salt Springs Road,330-792-5522,,Youngstown,OH,44509
62,/find-your-local-foodbank/regional-food-bank-of-oklahoma.html,Regional Food Bank of Oklahoma,http://www.regionalfoodbank.org,3355 S. Purdue,405-972-1111,PO Box 270968,City,OK,73179
92,/find-your-local-foodbank/community-food-bank-of-eastern-oklahoma.html,Community Food Bank of Eastern Oklahoma,http://www.okfoodbank.org,1304 N. Kenosha Ave.,918-585-2800,,Tulsa,OK,74106
68,/find-your-local-foodbank/oregon-food-bank.html,Oregon Food Bank,http://www.oregonfoodbank.org,7900 NE 33rd Drive,503-282-0555,,Portland,OR,97211
68,/find-your-local-foodbank/oregon-food-bank.html,FOOD for Lane County,http://foodforlanecounty.org,770 Bailey Hill Rd,541-343-2822,,Eugene,OR,97402
68,/find-your-local-foodbank/oregon-food-bank.html,CCA Regional Food Bank,http://www.ccaservices.org,2010 SE Chokeberry Ave,503-861-3663,,Warrenton,OR,97146
68,/find-your-local-foodbank/oregon-food-bank.html,NeighborImpact,http://www.neighborimpact.org,2303 SW 1st St.,541-548-2380,,Redmond,OR,97756
68,/find-your-local-foodbank/oregon-food-bank.html,South Coast Food Share,http://www.orcca.us/food-share,225 LaClair St,541-888-7020,,Bay,OR,97420
68,/find-your-local-foodbank/oregon-food-bank.html,Linn Benton Food Share,http://www.csc.gen.or.us,"545 SW 2nd St, Suite A",541-752-1010,,Corvallis,OR,97333
68,/find-your-local-foodbank/oregon-food-bank.html,Josephine County Food Bank,http://www.jocofoodbank.org/,3658 Upper River Road,541-474-5440,,Pass,OR,97526
68,/find-your-local-foodbank/oregon-food-bank.html,Klamath/Lake Counties Food Bank,http://www.klamathfoodbank.org,3231 Maywood Drive,541-882-1223,,Falls,OR,97603
68,/find-your-local-foodbank/oregon-food-bank.html,"Community Connection of Northeast Oregon, Inc.",https://ccno.org/,1504 N Albany Street,541-963-7532,,Grande,OR,97850
68,/find-your-local-foodbank/oregon-food-bank.html,Yamhill Community Action Partnership (YCAP),http://www.yamhillcap.org,1317 NE Dustin Ct,503-883-4170,,McMinnville,OR,97128
68,/find-your-local-foodbank/oregon-food-bank.html,ACCESS Food Share,http://accesshelps.org,3630 Aviation Way,541-779-6691,,Medford,OR,97504
68,/find-your-local-foodbank/oregon-food-bank.html,Food Share of Lincoln County,http://foodsharelc.org/,535 NE First St.,541-265-8578,,Newport,OR,97365
68,/find-your-local-foodbank/oregon-food-bank.html,CAPECO Food Share,http://www.capeco-works.org/,"721 SE Third Street, STE D",541-276-1926,,Pendleton,OR,97801
68,/find-your-local-foodbank/oregon-food-bank.html,UCAN Food Bank,http://www.ucancap.org,284 Kenneth Ford Dr.,541-672-3441,,Roseburg,OR,97470
68,/find-your-local-foodbank/oregon-food-bank.html,Marion Polk Food Share,http://www.marionpolkfoodshare.org,1660 Salem Industrial Dr NE,503-581-3855,,Salem,OR,97303
68,/find-your-local-foodbank/oregon-food-bank.html,Columbia Pacific Food Bank,http://www.cpfoodbank.org,474 Milton Way,503-397-9708,,Helens,OR,97051
68,/find-your-local-foodbank/oregon-food-bank.html,Clark County Food Bank,http://www.clarkcountyfoodbank.org/,6502 NE 47th Avenue,360-699-1961,,Vancouver,WA,98661
294,/find-your-local-foodbank/westmoreland-county-food-bank.html,Westmoreland County Food Bank,http://www.westmorelandfoodbank.org,100 Devonshire Drive,724-468-8660,,Delmont,PA,15626
48,/find-your-local-foodbank/greater-pittsburgh-community-food-bank.html,Greater Pittsburgh Community Food Bank,http://www.pittsburghfoodbank.org,1 North Linden Street,412-460-3663,,Duquesne,PA,15110
48,/find-your-local-foodbank/greater-pittsburgh-community-food-bank.html,Greater Washington County Food Bank,http://www.gwcfb.org,909 National Pike West,724-632-2190,,Brownsville,PA,15417
48,/find-your-local-foodbank/greater-pittsburgh-community-food-bank.html,Fayette County Community Action Food Bank,http://fccaa.org/,119 North Beeson Avenue,724-437-6050,,Uniontown,PA,15401
48,/find-your-local-foodbank/greater-pittsburgh-community-food-bank.html,"Indiana County Community Action Program, Inc.",http://www.iccap.net/,827 Water Street,724-465-2657,,Indiana,PA,15701
48,/find-your-local-foodbank/greater-pittsburgh-community-food-bank.html,Armstrong County Community Action Agency,http://www.armstrongcap.com,705 Butler Road,724-548-3408,,Kittanning,PA,16201
48,/find-your-local-foodbank/greater-pittsburgh-community-food-bank.html,Food for Families,https://www.svdpcares.org/,945 Franklin Street,814-535-3315,,Johnstown,PA,15905
48,/find-your-local-foodbank/greater-pittsburgh-community-food-bank.html,Corner Cupboard Food Bank,http://cornercupboard.org/,881 Rolling Meadows Road,724-627-9784,,Waynesburg,PA,15370
29,/find-your-local-foodbank/second-harvest-food-bank-of-northwest-pennsylvania.html,Second Harvest Food Bank of Northwest Pennsylvania,http://www.nwpafoodbank.org,1507 Grimm Drive,814-459-3663,,Erie,PA,16501
87,/find-your-local-foodbank/central-pennsylvania-food-bank.html,Central Pennsylvania Food Bank,http://www.centralpafoodbank.org,3908 Corey Road,717-564-1700,,Harrisburg,PA,17109
87,/find-your-local-foodbank/central-pennsylvania-food-bank.html,Food for Families,http://https://www.svdpcares.org/food-for-families.html,2201 Union Street,814-944-6302,,Altoona,PA,16601
106,/find-your-local-foodbank/second-harvest-food-bank-of-lehigh-valley-and-ne-pennsylvania.html,Second Harvest Food Bank of Lehigh Valley and NE Pennsylvania,http://www.shfblv.org,6969 Silver Crest Road,610-434-0875,,Nazareth,PA,18064
296,/find-your-local-foodbank/philabundance.html,Philabundance,http://www.philabundance.org,3616 S. Galloway Street,215-339-0900,,Philadelphia,PA,19148
296,/find-your-local-foodbank/philabundance.html,Chester County Food Bank,http://chestercountyfoodbank.org/,650 Pennsylvania Drive,610-873-6000,,Exton,PA,19341
287,/find-your-local-foodbank/h-and-j-weinberg-ne-pa-regional-food-bank.html,H & J Weinberg NE PA Regional Food Bank,http://www.ceopeoplehelpingpeople.org,185 Research Drive,570-908-2222,,Pittston,PA,18640
175,/find-your-local-foodbank/helping-harvest.html,Helping Harvest,http://www.helpingharvest.org,117 Morgan Drive,610-926-5802,,Reading,PA,19608
133,/find-your-local-foodbank/community-food-warehouse-of-mercer-county.html,Community Food Warehouse of Mercer County,http://www.foodwarehouse.org,109 S Sharpsville Avenue,724-981-0353,Suite A,Sharon,PA,16146
229,/find-your-local-foodbank/banco-de-alimentos-de-puerto-rico.html,Banco de Alimentos de Puerto Rico,http://bancodealimentopr.org/,Urbanization Country Club Park C / 272 IC4,787-740-3663,PO Box 3990,Carolina,PR,00984
94,/find-your-local-foodbank/rhode-island-community-food-bank.html,Rhode Island Community Food Bank,http://www.rifoodbank.org,200 Niantic Ave.,401-942-6325,,Providence,RI,02907
152,/find-your-local-foodbank/lowcountry-food-bank.html,Lowcountry Food Bank,http://www.lowcountryfoodbank.org,2864 Azalea Drive,843-747-8146,,Charleston,SC,29405
20,/find-your-local-foodbank/harvest-hope-food-bank.html,Harvest Hope Food Bank,http://www.harvesthope.org,2220 Shop Road,803-254-4432,P.O. Box 451,Columbia,SC,29201
188,/find-your-local-foodbank/feeding-south-dakota.html,Feeding South Dakota,http://www.feedingsouthdakota.org,4701 N Westport Ave,605-335-0364,,Falls,SD,57107
15,/find-your-local-foodbank/chattanooga-area-food-bank.html,Chattanooga Area Food Bank,http://www.chattfoodbank.org,2009 Curtain Pole Road,423-622-1800,,Chattanooga,TN,37406
219,/find-your-local-foodbank/second-harvest-food-bank-of-northeast-tennessee.html,Second Harvest Food Bank of Northeast Tennessee,http://www.netfoodbank.org,1020 Jericho Drive,423-279-0430,,Kingsport,TN,37663
41,/find-your-local-foodbank/second-harvest-food-bank-of-east-tennessee.html,Second Harvest Food Bank of East Tennessee,http://secondharvestetn.org/,136 Harvest Lane,865-521-0000,,Maryville,TN,37801
49,/find-your-local-foodbank/mid-south-food-bank.html,Mid-South Food Bank,http://www.midsouthfoodbank.org,3865 S Perkins Rd,901-527-0841,,Memphis,TN,38118
55,/find-your-local-foodbank/second-harvest-food-bank-of-middle-tennessee.html,Second Harvest Food Bank of Middle Tennessee,http://www.secondharvestmidtn.org,331 Great Circle Road,615-329-3491,,Nashville,TN,37228
98,/find-your-local-foodbank/food-bank-of-west-central-texas.html,Food Bank of West Central Texas,http://www.fbwct.org,5505 N. First,325-695-6311,,Abilene,TX,79603
98,/find-your-local-foodbank/food-bank-of-west-central-texas.html,Galveston County Food Bank,http://www.galvestoncountyfoodbank.org,624 4th Avenue North,409-945-4232,,City,TX,77590
2,/find-your-local-foodbank/high-plains-food-bank.html,High Plains Food Bank,http://www.hpfb.org,815 S. Ross,806-374-8562,PO Box 31803,Amarillo,TX,79120
6,/find-your-local-foodbank/central-texas-food-bank.html,Central Texas Food Bank,http://www.centraltexasfoodbank.org/,6500 Metropolis Drive,512-282-2111,,Austin,TX,78744
323,/find-your-local-foodbank/southeast-texas-food-bank.html,Southeast Texas Food Bank,http://setxfoodbank.org,3845 Martin Luther King Parkway,409-839-8777,P O Box 21012,Beaumont,TX,77705
23,/find-your-local-foodbank/coastal-bend-food-bank.html,Coastal Bend Food Bank,http://coastalbendfoodbank.org/,826 Krill St.,361-887-6291,,Christi,TX,78408
726,/find-your-local-foodbank/el-pasoans-fighting-hunger.html,El Pasoans Fighting Hunger,http://www.elpasoansfightinghunger.org/,9541 Plaza Circle,915-298-0353,,Paso,TX,79927
31,/find-your-local-foodbank/tarrant-area-food-bank.html,Tarrant Area Food Bank,http://www.tafb.org,2600 Cullen,817-332-9177,,Worth,TX,76107
37,/find-your-local-foodbank/houston-food-bank.html,Houston Food Bank,http://www.HoustonFoodBank.org,535 Portwall Street,713-223-3700,,Houston,TX,77029
37,/find-your-local-foodbank/houston-food-bank.html,Brazos Valley Food Bank,http://www.bvfb.org/,1501 Independence Avenue,979-779-3663,,Bryan,TX,77803
37,/find-your-local-foodbank/houston-food-bank.html,Montgomery County Food Bank,http://www.mcfoodbank.org,One Food For Life Way,936-271-8800,,Conroe,TX,77385
627,/find-your-local-foodbank/south-texas-food-bank.html,South Texas Food Bank,http://www.southtexasfoodbank.org/,2121 Jefferson St.,956-726-3120,,Laredo,TX,78040
47,/find-your-local-foodbank/south-plains-food-bank.html,South Plains Food Bank,http://www.spfb.org,5605 MLK Boulevard,806-763-3003,,Lubbock,TX,79404
47,/find-your-local-foodbank/south-plains-food-bank.html,Concho Valley Regional Food Bank,http://www.conchovalleyfoodbank.org/,PO Box 1207,325-655-3231,,Angelo,TX,76902
170,/find-your-local-foodbank/west-texas-food-bank.html,West Texas Food Bank,http://www.wtxfoodbank.org,411 S. Pagewood Ave.,432-580-6333,,Odessa,TX,79761
221,/find-your-local-foodbank/food-bank-of-the-rio-grande-valley-inc.html,"Food Bank of the Rio Grande Valley, Inc.",http://www.foodbankrgv.com,724 N. Cage Blvd.,956-682-8101,,Pharr,TX,78577
24,/find-your-local-foodbank/north-texas-food-bank.html,North Texas Food Bank,http://www.ntfb.org,3677 Mapleshade Lane,214-330-1396,,Plano,TX,75075
76,/find-your-local-foodbank/san-antonio-food-bank.html,San Antonio Food Bank,http://www.safoodbank.org,5200 Enrique M Barrera Pkwy,210-337-3663,,Antonio,TX,78227
216,/find-your-local-foodbank/east-texas-food-bank.html,East Texas Food Bank,http://www.EastTexasFoodBank.org,3201 Robertson Road,903-597-3663,,Tyler,TX,75701
290,/find-your-local-foodbank/food-bank-of-the-golden-crescent.html,Food Bank of the Golden Crescent,http://www.tfbgc.org,3809 E. Rio Grande,361-578-0591,P.O.Box 5085,Victoria,TX,77901
209,/find-your-local-foodbank/wichita-falls-area-food-bank.html,Wichita Falls Area Food Bank,http://www.wfafb.org,1230 Midwestern Parkway,940-766-2322,PO Box 623,Falls,TX,76307
279,/find-your-local-foodbank/utah-food-bank.html,Utah Food Bank,http://www.utahfoodbank.org,3150 South 900 West,801-978-2452,,City,UT,84119
136,/find-your-local-foodbank/fredericksburg-regional-foodbank.html,Fredericksburg Regional Foodbank,http://www.fredfood.org/,3631 Lee Hill Drive,540-371-7666,PO Box 1006,Fredericksburg,VA,22408
168,/find-your-local-foodbank/virginia-peninsula-foodbank.html,Virginia Peninsula Foodbank,http://www.hrfoodbank.org,2401 Aluminum Avenue,757-596-7188,,Hampton,VA,23661
60,/find-your-local-foodbank/foodbank-of-southeastern-virginia.html,Foodbank of Southeastern Virginia,http://www.foodbankonline.org,800 Tidewater Drive,757-627-6599,PO Box 1940,Norfolk,VA,23504
72,/find-your-local-foodbank/feed-more.html,Feed More,http://www.feedmore.org,1415 Rhoadmiller Street,804-521-2500,,Richmond,VA,23220
72,/find-your-local-foodbank/feed-more.html,Healthy Harvest Food Bank,http://www.hhfb.org/,5116 Richmond Road,804-577-0246,,Warsaw,VA,22572
74,/find-your-local-foodbank/feeding-southwest-virginia.html,Feeding Southwest Virginia,http://www.faswva.org,1025 Electric Road,540-342-3011,,Salem,VA,24153
93,/find-your-local-foodbank/blue-ridge-area-food-bank-inc.html,"Blue Ridge Area Food Bank, Inc.",http://www.brafb.org,96 Laurel Hill Road,540-248-3663,P.O. Box 937,Verona,VA,24482
189,/find-your-local-foodbank/vermont-foodbank.html,Vermont Foodbank,http://www.vtfoodbank.org/,33 Parker Road,802-476-3341,,Barre,VT,05641
81,/find-your-local-foodbank/food-lifeline.html,Food Lifeline,http://www.foodlifeline.org,815 South 96th Street,206-545-6600,,Seattle,WA,98108
83,/find-your-local-foodbank/second-harvest-inland-northwest.html,Second Harvest Inland Northwest,http://www.2-harvest.org,1234 E. Front Avenue,509-534-6678,,Spokane,WA,99202
160,/find-your-local-foodbank/second-harvest-foodbank-of-southern-wisconsin.html,Second Harvest Foodbank of Southern Wisconsin,http://www.secondharvestmadison.org,2802 Dairy Drive,608-223-9121,,Madison,WI,53718
51,/find-your-local-foodbank/feeding-america-eastern-wisconsin.html,Feeding America Eastern Wisconsin,http://www.feedingamericawi.org/,1700 W. Fond Du Lac Avenue,414-931-7400,,Milwaukee,WI,53205
33,/find-your-local-foodbank/mountaineer-food-bank.html,Mountaineer Food Bank,http://www.mountaineerfoodbank.org,484 Enterprise Drive,304-364-5518,,Gassaway,WV,26624
145,/find-your-local-foodbank/facing-hunger-foodbank.html,Facing Hunger Foodbank,http://facinghunger.org,1327 Seventh Avenue,304-523-6029,,Huntington,WV,25701
